{"train_loss": 0.4108667404998902, "train_acc": 80.79070343791213, "epoch": 14, "_timestamp": 1660334547.7446232, "_runtime": 2836.386415243149, "_step": 26, "test_acc": 81.65729407872973, "test_loss": 0.4020832696577748}