epoch,test_acc,test_loss
1,68.50810452939815,0.6298285433976334
2,71.66721799284505,0.538123193074645
3,76.19913992217704,0.4979804932597927
