epoch,train_acc,train_loss
1,68.37599768413217,0
2,71.56445142880774,0
3,76.59319300277078,0
4,77.71390761341549,0
