{"train_loss": 0.4596354327312622, "train_acc": 78.19438317894428, "precision": 0.6309027777777777, "recall": 0.07070667290235451, "epoch": 4, "_timestamp": 1659699708.5194132, "_runtime": 915.5987441539764, "_step": 7, "test_acc": 69.63281505911547, "test_loss": 0.619596847695623, "_wandb": {"runtime": 1021}}