{"train_loss": 0.4162937377656809, "train_acc": 80.66250362327617, "epoch": 7, "_timestamp": 1660334760.7564123, "_runtime": 2475.2566933631897, "_step": 13, "test_acc": 80.71452199801521, "test_loss": 0.4233056375454326}