{"train_loss": 1.7657599114320655, "train_acc": 65.74583350343634, "precision": 0.49270869555958946, "recall": 0.543372895183544, "epoch": 8, "_timestamp": 1659867535.434022, "_runtime": 2049.605363845825, "_step": 15, "test_acc": 67.89612967251075, "test_loss": 0.5691145704828111}