{"train_loss": 0.02732889715034146, "train_acc": 99.71051652123568, "precision": 0.7900566967739641, "recall": 0.7695414596194398, "epoch": 60, "_timestamp": 1659790916.1743195, "_runtime": 18627.500143527985, "_step": 119, "test_acc": 86.05689710944526, "test_loss": 0.46907575521648937, "_wandb": {"runtime": 18624}}