epoch,test_acc,test_loss
1,76.74495533606567,0.4818369941209824
2,68.50810451930302,0.988707745268453
3,78.00198475808999,0.46522761461871215
4,69.86437313295617,0.6311440849359407
5,73.8339397822868,0.5236382806612646
