{"train_loss": 0.4650323665246573, "train_acc": 77.7180430850578, "precision": 0.5236028129786554, "recall": 0.886181148390852, "macro_f1": 0.6539249681295649, "micro_f1": 0.6539249681295649, "epoch": 3, "_timestamp": 1659988698.2581635, "_runtime": 1125.0453743934631, "_step": 5, "test_acc": 70.8236850684264, "test_loss": 0.6050230865639407}