{"train_loss": 0.01795757124141536, "train_acc": 99.5450973905132, "epoch": 60, "_timestamp": 1660091854.113925, "_runtime": 12266.975261926651, "_step": 119, "test_acc": 84.08865363007148, "test_loss": 0.7269761215327317, "_wandb": {"runtime": 12266}}