{"train_loss": 0.31141957922513447, "train_acc": 86.59691493226549, "epoch": 37, "_timestamp": 1660385820.7218933, "_runtime": 8983.731537342072, "_step": 73, "test_acc": 79.58981143296495, "test_loss": 0.45796103507842284}