{"train_loss": 0.6274354113454209, "train_acc": 69.50911872469064, "precision": 0.5179520053590544, "recall": 0.7635575452985639, "macro_f1": 0.6820011770911472, "micro_f1": 0.7001535087719298, "epoch": 1, "_timestamp": 1660062560.7484388, "_runtime": 599.3585789203644, "_step": 1, "test_acc": 69.99669200254914, "test_loss": 0.6030180102107622}