{"train_loss": 0.6179945979884055, "train_acc": 70.7001364641571, "precision": 0.5754482817239935, "recall": 0.5195405339146574, "macro_f1": 0.6710572242631984, "micro_f1": 0.7259320175438597, "epoch": 1, "_timestamp": 1660059588.889324, "_runtime": 616.5476610660553, "_step": 1, "test_acc": 72.62652992452962, "test_loss": 0.5400403997103899, "_wandb": {"runtime": 618}}