{"train_loss": 0.1452107542232132, "train_acc": 95.10359373029944, "precision": 0.7425742728487809, "recall": 0.7329614927904329, "epoch": 60, "_timestamp": 1659803477.1325822, "_runtime": 11853.713913202286, "_step": 119, "test_acc": 83.44359906114887, "test_loss": 0.4542041481862272, "_wandb": {"runtime": 11853}}