{"train_loss": 0.1363897181504773, "train_acc": 96.31942434647328, "epoch": 60, "_timestamp": 1660079057.043739, "_runtime": 12662.971659183502, "_step": 119, "test_acc": 84.99834600127457, "test_loss": 0.38640508425381653, "_wandb": {"runtime": 12657}}