{"train_loss": 0.5827848778868978, "train_acc": 71.36594846531503, "precision": 0.4457743585228431, "recall": 0.347763245242274, "macro_f1": 0.362253283082968, "epoch": 1, "_timestamp": 1659984194.4346888, "_runtime": 311.6877558231354, "_step": 0, "_wandb": {"runtime": 383}}