{"train_loss": 0.06063300916213861, "train_acc": 68.35945576411866, "precision": 0.0, "recall": 0.0, "epoch": 1, "_timestamp": 1659910488.3168151, "_runtime": 317.7063720226288, "_step": 1, "test_acc": 68.50810451930302, "test_loss": 0.7354223879606883, "_wandb": {"runtime": 374}}