{"train_loss": 0.6054093391190026, "train_acc": 70.460278724294, "precision": 0.4978522938178085, "recall": 0.3607814529951828, "macro_f1": 0.3794323410508843, "micro_f1": 0.3794323410508843, "epoch": 1, "_timestamp": 1659989334.0986052, "_runtime": 293.03823614120483, "_step": 0, "_wandb": {"runtime": 316}}