{"train_loss": 1.9118723223017215, "train_acc": 68.35945576380315, "precision": 0.0, "recall": 0.0, "epoch": 5, "_timestamp": 1659894863.3496754, "_runtime": 1136.0889673233032, "_step": 9, "test_acc": 68.50810451930302, "test_loss": 0.5927121737639793}