{"train_loss": 0.019969606896698546, "train_acc": 87.25859146083458, "precision": 0.8003310861103932, "recall": 0.6482535974410919, "epoch": 60, "_timestamp": 1659949974.387294, "_runtime": 16197.253139019012, "_step": 119, "test_acc": 83.69169696450746, "test_loss": 0.4046688640981252, "_wandb": {"runtime": 16194}}