{"train_loss": 0.44080812930025515, "train_acc": 79.09515735904975, "precision": 0.5691431905903903, "recall": 0.8267894551223063, "macro_f1": 0.6697653965009057, "micro_f1": 0.6697653965009057, "epoch": 6, "_timestamp": 1659988566.966506, "_runtime": 2137.306212902069, "_step": 11, "test_acc": 74.72709227980583, "test_loss": 0.5125163717061686}