{"train_loss": 0.034554515381747565, "train_acc": 68.57863611768963, "precision": 0.0, "recall": 0.0, "epoch": 2, "_timestamp": 1659911660.1574423, "_runtime": 563.8631193637848, "_step": 3, "test_acc": 68.50810451930302, "test_loss": 0.6522976466255238, "_wandb": {"runtime": 605}}