{"train_loss": 0.022846943756787988, "train_acc": 84.1859310963063, "epoch": 60, "_timestamp": 1660312218.000862, "_runtime": 20168.18781685829, "_step": 119, "test_acc": 81.78961294201325, "test_loss": 0.500454681817956, "_wandb": {"runtime": 20167}}