{"train_loss": 3.1412712712660307, "train_acc": 68.07824324883173, "precision": 0.4662258953168044, "recall": 0.5317493112947654, "epoch": 1, "_timestamp": 1659889243.1313987, "_runtime": 416.63361263275146, "_step": 1, "test_acc": 69.1200793913331, "test_loss": 0.599490881237296, "_wandb": {"runtime": 657}}