{"train_loss": 0.40347522959722576, "train_acc": 81.2952317979741, "epoch": 16, "_timestamp": 1660385750.518051, "_runtime": 8384.753423929214, "_step": 31, "test_acc": 76.64571617598412, "test_loss": 0.5516353937674942}