{"train_loss": 0.5893401357071714, "train_acc": 71.84152847750056, "epoch": 1, "_timestamp": 1660333711.8213072, "_runtime": 457.00084710121155, "_step": 0, "_wandb": {"runtime": 526}}