{"train_loss": 0.013205816694088353, "train_acc": 88.7349571918052, "epoch": 60, "_timestamp": 1660311358.2965097, "_runtime": 18834.383068799973, "_step": 119, "test_acc": 81.01223949718822, "test_loss": 0.5752018441280071, "_wandb": {"runtime": 18831}}