{"train_loss": 0.02314653648054682, "train_acc": 99.36313634640298, "precision": 0.7462400022255683, "recall": 0.7682980548221671, "epoch": 60, "_timestamp": 1659820646.0663707, "_runtime": 12308.09577178955, "_step": 119, "test_acc": 84.25405225334205, "test_loss": 0.759972003608045, "_wandb": {"runtime": 12302}}