{"train_loss": 0.4632041102211241, "train_acc": 79.08275092487659, "epoch": 6, "_timestamp": 1660317725.9500973, "_runtime": 2519.3451573848724, "_step": 11, "test_acc": 77.75388686735032, "test_loss": 0.5443893799788109, "_wandb": {"runtime": 2516}}