{"train_loss": 0.23038411788547097, "train_acc": 90.8028231142479, "precision": 0.7121442932939502, "recall": 0.7533549625253309, "epoch": 60, "_timestamp": 1659730634.1354082, "_runtime": 13102.259738206863, "_step": 119, "test_acc": 81.93847169159976, "test_loss": 0.4321856340390343, "_wandb": {"runtime": 13101}}