{"train_loss": 0.584688762797448, "train_acc": 71.43211611665748, "precision": 0.4729905681326291, "recall": 0.8105403759761283, "macro_f1": 0.6437196548459323, "micro_f1": 0.6538048245614035, "epoch": 1, "_timestamp": 1660033014.1313636, "_runtime": 615.247077703476, "_step": 1, "test_acc": 65.44823022855657, "test_loss": 0.637457293368632}