{"train_loss": 0.39363209058600057, "train_acc": 81.96956329951477, "precision": 0.6712352936964329, "recall": 0.6168562142237312, "epoch": 29, "_timestamp": 1659698605.5619419, "_runtime": 6704.112309932709, "_step": 57, "test_acc": 78.8620575587165, "test_loss": 0.4398783133138776}