{"train_loss": 0.05725359434760991, "train_acc": 68.35945576348763, "precision": 0.0, "recall": 0.0, "epoch": 1, "_timestamp": 1659910876.7292764, "_runtime": 253.03700637817383, "_step": 0, "_wandb": {"runtime": 268}}