{"train_loss": 1.9110590711647029, "train_acc": 68.35532028553509, "precision": 0.0, "recall": 0.0, "epoch": 5, "_timestamp": 1659877950.6587865, "_runtime": 1095.3474004268646, "_step": 8, "test_acc": 68.50810451930302, "test_loss": 0.9724241137070803}