{"train_loss": 0.4806037240192842, "train_acc": 76.82891526846745, "epoch": 1, "_timestamp": 1660289587.1217906, "_runtime": 160.52507376670837, "_step": 0, "_wandb": {"runtime": 227}}