{"train_loss": 0.013775539657135004, "train_acc": 86.10065754546179, "precision": 0.7260554003298598, "recall": 0.653019180503827, "epoch": 60, "_timestamp": 1659909127.2918344, "_runtime": 12864.58416223526, "_step": 119, "test_acc": 81.02877935825339, "test_loss": 0.5455767297011277, "_wandb": {"runtime": 12864}}