{"train_loss": 0.21863388719558716, "train_acc": 90.34, "_timestamp": 1658933597, "_runtime": 10313, "_step": 295, "test_acc": 71.12, "test_loss": 1.4329368954658508, "test_acc_top5": 91.53}