{"train_loss": 0.045799420584275274, "train_acc": 68.35945576380315, "precision": 0.0, "recall": 0.0, "epoch": 2, "_timestamp": 1659912376.8964279, "_runtime": 563.1419289112091, "_step": 3, "test_acc": 68.50810451930302, "test_loss": 0.7321956205399589, "_wandb": {"runtime": 635}}