{"train_loss": 0.5747971140486959, "train_acc": 73.01186881568808, "precision": 0.7157178430263812, "recall": 0.49477475912914665, "macro_f1": 0.5769175547399642, "micro_f1": 0.5769175547399642, "epoch": 1, "_timestamp": 1659989942.3808386, "_runtime": 358.2943437099457, "_step": 1, "test_acc": 77.68772742308964, "test_loss": 0.46873032070728393, "_wandb": {"runtime": 502}}