{"train_loss": 0.020468702919633004, "train_acc": 86.27848310562474, "precision": 0.7908192070393473, "recall": 0.6581451342161821, "epoch": 43, "_timestamp": 1659924294.061066, "_runtime": 10618.111593961716, "_step": 85, "test_acc": 83.59245779811646, "test_loss": 0.4033023226627876}