{"train_loss": 0.4960401401771656, "train_acc": 76.66887222467284, "precision": 0.7438222444017937, "recall": 0.5319148776620711, "epoch": 1, "_timestamp": 1659558999.8051822, "_runtime": 330.23309230804443, "_step": 1, "test_acc": 79.45749254444361, "test_loss": 0.4462229134308515, "_wandb": {"runtime": 559}}