{"train_loss": 0.012753244269050596, "train_acc": 99.76841321698855, "epoch": 60, "_timestamp": 1660087010.1815767, "_runtime": 18851.779426813126, "_step": 119, "test_acc": 84.50215016931956, "test_loss": 0.7288743039057659, "_wandb": {"runtime": 18848}}