{"train_loss": 0.35252985760619965, "train_acc": 84.34053815615351, "precision": 0.5699565648808059, "recall": 0.7977506949798885, "epoch": 47, "_timestamp": 1659635226.4163218, "_runtime": 31423.530228853226, "_step": 93, "test_acc": 73.90009922654748, "test_loss": 0.5820624983511813}