{"train_loss": 0.29290522292171933, "train_acc": 87.353707461, "epoch": 29, "_timestamp": 1660385811.7240422, "_runtime": 8770.707889080048, "_step": 57, "test_acc": 79.73867019517036, "test_loss": 0.47643707792687173}