{"train_loss": 0.12483169133173089, "train_acc": 96.7725334509631, "precision": 0.7651584706839577, "recall": 0.7724827148309377, "epoch": 60, "_timestamp": 1659715115.0864875, "_runtime": 13745.455159425735, "_step": 119, "test_acc": 84.4856103208733, "test_loss": 0.3944832924044846, "_wandb": {"runtime": 13745}}