{"train_loss": 0.022318288616567702, "train_acc": 99.86352921715397, "epoch": 60, "_timestamp": 1660090085.1726425, "_runtime": 22188.725754499435, "_step": 119, "test_acc": 85.72609990076083, "test_loss": 0.4777157249886036, "_wandb": {"runtime": 22183}}