{"train_loss": 0.020498432151935964, "train_acc": 88.4330672892796, "epoch": 60, "_timestamp": 1660306955.2440474, "_runtime": 15726.582138299942, "_step": 119, "test_acc": 83.31128017262753, "test_loss": 0.43888497177118346, "_wandb": {"runtime": 15723}}